-- show databases;
-- create database cts;
-- use cts;

-- Creating Tables 
CREATE TABLE Users (
    user_id INT PRIMARY KEY AUTO_INCREMENT,
    full_name VARCHAR(100) NOT NULL,
    email VARCHAR(100) UNIQUE NOT NULL,
    city VARCHAR(100) NOT NULL,
    registration_date DATE NOT NULL
);

CREATE TABLE Events (
    event_id INT PRIMARY KEY AUTO_INCREMENT,
    title VARCHAR(200) NOT NULL,
    description TEXT,
    city VARCHAR(100) NOT NULL,
    start_date DATETIME NOT NULL,
    end_date DATETIME NOT NULL,
    status ENUM('upcoming', 'completed', 'cancelled'),
    organizer_id INT,
    FOREIGN KEY (organizer_id) REFERENCES Users(user_id)
);

CREATE TABLE Sessions (
    session_id INT PRIMARY KEY AUTO_INCREMENT,
    event_id INT,
    title VARCHAR(200) NOT NULL,
    speaker_name VARCHAR(100) NOT NULL,
    start_time DATETIME NOT NULL,
    end_time DATETIME NOT NULL,
    FOREIGN KEY (event_id) REFERENCES Events(event_id)
);

CREATE TABLE Registrations (
    registration_id INT PRIMARY KEY AUTO_INCREMENT,
    user_id INT,
    event_id INT,
    registration_date DATE NOT NULL,
    FOREIGN KEY (user_id) REFERENCES Users(user_id),
    FOREIGN KEY (event_id) REFERENCES Events(event_id)
);

CREATE TABLE Feedback (
    feedback_id INT PRIMARY KEY AUTO_INCREMENT,
    user_id INT,
    event_id INT,
    rating INT CHECK (rating BETWEEN 1 AND 5),
    comments TEXT,
    feedback_date DATE NOT NULL,
    FOREIGN KEY (user_id) REFERENCES Users(user_id),
    FOREIGN KEY (event_id) REFERENCES Events(event_id)
);

CREATE TABLE Resources (
    resource_id INT PRIMARY KEY AUTO_INCREMENT,
    event_id INT,
    resource_type ENUM('pdf', 'image', 'link'),
    resource_url VARCHAR(255) NOT NULL,
    uploaded_at DATETIME NOT NULL,
    FOREIGN KEY (event_id) REFERENCES Events(event_id)
);

-- Inserting data into tables
INSERT INTO Users (user_id, full_name, email, city, registration_date) VALUES
(1, 'Alice Johnson', 'alice@example.com', 'New York', '2024-12-01'),
(2, 'Bob Smith', 'bob@example.com', 'Los Angeles', '2024-12-05'),
(3, 'Charlie Lee', 'charlie@example.com', 'Chicago', '2024-12-10'),
(4, 'Diana King', 'diana@example.com', 'New York', '2025-01-15'),
(5, 'Ethan Hunt', 'ethan@example.com', 'Los Angeles', '2025-02-01');

INSERT INTO Events (event_id, title, description, city, start_date, end_date, status, organizer_id) VALUES
(1, 'Tech Innovators Meetup', 'A meetup for tech enthusiasts.', 'New York', '2025-06-10 10:00:00', '2025-06-10 16:00:00', 'upcoming', 1),
(2, 'AI & ML Conference', 'Conference on AI and ML advancements.', 'Chicago', '2025-05-15 09:00:00', '2025-05-15 17:00:00', 'completed', 3),
(3, 'Frontend Development Bootcamp', 'Hands-on training on frontend tech.', 'Los Angeles', '2025-07-01 10:00:00', '2025-07-03 16:00:00', 'upcoming', 2);

INSERT INTO Sessions (session_id, event_id, title, speaker_name, start_time, end_time) VALUES
(1, 1, 'Opening Keynote', 'Dr. Tech', '2025-06-10 10:00:00', '2025-06-10 11:00:00'),
(2, 1, 'Future of Web Dev', 'Alice Johnson', '2025-06-10 11:15:00', '2025-06-10 12:30:00'),
(3, 2, 'AI in Healthcare', 'Charlie Lee', '2025-05-15 09:30:00', '2025-05-15 11:00:00'),
(4, 3, 'Intro to HTML5', 'Bob Smith', '2025-07-01 10:00:00', '2025-07-01 12:00:00');

INSERT INTO Registrations (registration_id, user_id, event_id, registration_date) VALUES
(1, 1, 1, '2025-05-01'),
(2, 2, 1, '2025-05-02'),
(3, 3, 2, '2025-04-30'),
(4, 4, 2, '2025-04-28'),
(5, 5, 3, '2025-06-15');

INSERT INTO Feedback (feedback_id, user_id, event_id, rating, comments, feedback_date) VALUES
(1, 3, 2, 4, 'Great insights!', '2025-05-16'),
(2, 4, 2, 5, 'Very informative.', '2025-05-16'),
(3, 2, 1, 3, 'Could be better.', '2025-06-11');

INSERT INTO Resources (resource_id, event_id, resource_type, resource_url, uploaded_at) VALUES
(1, 1, 'pdf', 'https://portal.com/resources/tech_meetup_agenda.pdf', '2025-05-01 10:00:00'),
(2, 2, 'image', 'https://portal.com/resources/ai_poster.jpg', '2025-04-20 09:00:00'),
(3, 3, 'link', 'https://portal.com/resources/html5_docs', '2025-06-25 15:00:00');

-- Exercises 
-- 1. User Upcoming Events : Show a list of all upcoming events a user is registered for in their city, sorted by date.
SELECT u.user_id, u.full_name, e.event_id, e.title, e.city, e.start_date
FROM Users u
JOIN Registrations r ON u.user_id = r.user_id
JOIN Events e ON r.event_id = e.event_id
WHERE e.status = 'upcoming' AND u.city = e.city
ORDER BY u.user_id, e.start_date;

-- 2. Top Rated Events : Identify events with the highest average rating, considering only those that have received at least 10 feedback submissions.
SELECT e.event_id, e.title,
    AVG(f.rating) AS avg_rating,
    COUNT(f.feedback_id) AS total_feedback
FROM Events e
JOIN Feedback f ON e.event_id = f.event_id
GROUP BY e.event_id, e.title
HAVING COUNT(f.feedback_id) >= 10
ORDER BY avg_rating DESC;

-- 3. Inactive users : Retrieve users who have not registered for any events in the last 90 days.
SELECT u.user_id, u.full_name, u.email
FROM Users u
WHERE u.user_id NOT IN (
    SELECT DISTINCT r.user_id
    FROM Registrations r
    WHERE r.registration_date >= CURDATE() - INTERVAL 90 DAY
);

-- 4. Peak Session Hours : Count how many sessions are scheduled between 10 AM to 12 PM for each event.
SELECT e.event_id, e.title, COUNT(s.session_id) AS session_count
FROM Events e
JOIN Sessions s ON e.event_id = s.event_id
WHERE TIME(s.start_time) >= '10:00:00' AND TIME(s.start_time) < '12:00:00'
GROUP BY e.event_id, e.title;

-- 5. Most Active Cities : List the top 5 cities with the highest number of distinct user registrations.
SELECT u.city, COUNT(DISTINCT r.user_id) AS user_count
FROM Users u
JOIN Registrations r ON u.user_id = r.user_id
GROUP BY u.city
ORDER BY user_count DESC
LIMIT 5;

-- 6. Event Resource Summary : Generate a report showing the number of resources (PDFs, images, links) uploaded for each event. 
SELECT e.event_id, e.title,
    SUM(resource_type = 'pdf') AS pdf_count,
    SUM(resource_type = 'image') AS image_count,
    SUM(resource_type = 'link') AS link_count
FROM Events e
LEFT JOIN Resources r ON e.event_id = r.event_id
GROUP BY e.event_id, e.title;

-- 7. Low Feedback Alerts : List all users who gave feedback with a rating less than 3, along with their comments and associated event names. 
SELECT u.full_name, e.title AS event_title, f.rating, f.comments
FROM Feedback f
JOIN Users u ON f.user_id = u.user_id
JOIN Events e ON f.event_id = e.event_id
WHERE f.rating < 3;

-- 8. Sessions per Upcoming Event : Display all upcoming events with the count of sessions scheduled for them. 
SELECT e.event_id, e.title, COUNT(s.session_id) AS session_count
FROM Events e
LEFT JOIN Sessions s ON e.event_id = s.event_id
WHERE e.status = 'upcoming'
GROUP BY e.event_id, e.title;

-- 9. Organizer Event Summary : For each event organizer, show the number of events created and their current status (upcoming, completed, cancelled). 
SELECT u.full_name AS organizer_name, e.status, COUNT(e.event_id) AS event_count
FROM Users u
JOIN Events e ON u.user_id = e.organizer_id
GROUP BY u.user_id, e.status;
